id	name	chr	start	end	strand	span	id_version	biotype
ENSG00000012048	BRCA1	17	43044292	43170245	-	125954	28	protein_coding
ENSG00000065135	GNAI3	1	109548582	109600195	+	51614	14	protein_coding
ENSG00000075624	ACTB	7	5526409	5563902	-	37494	19	protein_coding
ENSG00000081237	PTPRC	1	198629900	198759346	+	129447	24	protein_coding
ENSG00000111640	GAPDH	12	6534012	6538930	+	4919	17	protein_coding
ENSG00000117676	RPS6KA1	1	26529746	26575032	+	45287	16	protein_coding
ENSG00000137154	RPS6	9	19200287	19380299	-	180013	15	protein_coding
ENSG00000141510	TP53	17	7661779	7687546	-	25768	21	protein_coding
ENSG00000145416	MARCHF1	4	163524298	164384050	-	859753	15	protein_coding
ENSG00000147403	RPL10	X	154389955	154409168	+	19214	20	protein_coding
ENSG00000156738	MS4A1	11	60455752	60470752	+	15001	20	protein_coding
ENSG00000169288	MRPL1	4	77862139	77952791	+	90653	20	protein_coding
ENSG00000173077	DELEC1	9	114850968	115402644	+	551677	17	lncRNA
ENSG00000183878	UTY	Y	13234577	13480673	-	246097	18	protein_coding
ENSG00000184640	SEPTIN9	17	77280569	77500596	+	220028	22	protein_coding
ENSG00000184895	SRY	Y	2786855	2787682	-	828	8	protein_coding
ENSG00000186205	MTARC1	1	220786352	220819659	+	33308	16	protein_coding
ENSG00000196126	HLA-DRB1	6	32577902	32589848	-	11947	14	protein_coding
ENSG00000198804	MT-CO1	MT	5904	7445	+	1542	2	protein_coding
ENSG00000198851	CD3E	11	118304701	118316175	+	11475	12	protein_coding
ENSG00000198888	MT-ND1	MT	3307	4262	+	956	2	protein_coding
ENSG00000206172	HBA1	16	176660	177527	+	868	10	protein_coding
ENSG00000206503	HLA-A	6	29941260	29949606	+	8347	17	protein_coding
ENSG00000210082	MT-RNR2	MT	1671	3229	+	1559	2	Mt_rRNA
ENSG00000210127	MT-TA	MT	5587	5655	-	69	1	Mt_tRNA
ENSG00000229280	EEF1DP6	1	4175528	4175899	-	372	1	processed_pseudogene
ENSG00000229807	XIST	X	73820649	73852714	-	32066	15	lncRNA
ENSG00000244734	HBB	11	5225464	5229395	-	3932	6	protein_coding
ENSG00000245532	NEAT1	11	65422774	65445540	+	22767	13	lncRNA
ENSG00000251562	MALAT1	11	65497606	65508073	+	10468	13	lncRNA
ENSG00000260972	NA	1	5492978	5494674	+	1697	1	lncRNA
ENSG00000263934	SNORD3A	17	19188016	19188714	+	699	5	snoRNA
ENSG00000278189	RNA5-8SN1	21	8439823	8439975	+	153	1	rRNA
ENSG00000284190	MIR21	17	59841266	59841337	+	72	1	miRNA
ENSG00000284616	NA	1	5301928	5307394	-	5467	1	lncRNA
ENSG00000284733	OR4F29	1	450740	451678	-	939	2	protein_coding
