# HGNC: https://storage.googleapis.com/public-download-files/hgnc/tsv/tsv/hgnc_complete_set.txt, downloaded 2026-09-30, md5 562ea7807833e5aefb845c06bf654d35
# MGI: https://www.informatics.jax.org/downloads/reports/MRK_List1.rpt, downloaded 2026-09-30, md5 9d0b8fec095db32063103fa8eb4b34d9
# ZFIN: https://zfin.org/downloads/aliases.txt, downloaded 2026-09-30, md5 1729e2c94898feb0da2c323828caf64c
species	previous	symbol	source_id	kind	source
danio_rerio	MARC2	marc1	ZDB-GENE-050327-95	alias	ZFIN
danio_rerio	MARCH1	marchf1	ZDB-GENE-081112-1	alias	ZFIN
danio_rerio	MARCH11	marchf11	ZDB-GENE-070912-276	alias	ZFIN
danio_rerio	MARCH2	marchf2	ZDB-GENE-050208-777	alias	ZFIN
danio_rerio	MARCH4	marchf4b	ZDB-GENE-041210-304	alias	ZFIN
danio_rerio	MARCH5	marchf5	ZDB-GENE-070424-47	alias	ZFIN
danio_rerio	MARCH6	marchf6	ZDB-GENE-070912-530	alias	ZFIN
danio_rerio	MARCH7	marchf7	ZDB-GENE-080204-121	alias	ZFIN
danio_rerio	MARCH8	marchf8	ZDB-GENE-080204-8	alias	ZFIN
danio_rerio	MARCH9	marchf9	ZDB-GENE-081031-71	alias	ZFIN
danio_rerio	OCT1	slc22a2	ZDB-GENE-040426-2167	alias	ZFIN
danio_rerio	OCT1	pou2f1a	ZDB-GENE-990415-185	alias	ZFIN
danio_rerio	OCT2	slc22a3	ZDB-GENE-080204-92	alias	ZFIN
danio_rerio	SEP15	selenof	ZDB-GENE-030327-1	alias	ZFIN
danio_rerio	SEPT10	septin10	ZDB-GENE-050417-3	alias	ZFIN
danio_rerio	SEPT12	septin12	ZDB-GENE-120215-68	alias	ZFIN
danio_rerio	SEPT15	septin15	ZDB-GENE-061103-265	alias	ZFIN
danio_rerio	SEPT2	septin2	ZDB-GENE-030131-911	alias	ZFIN
danio_rerio	SEPT2	selenot2	ZDB-GENE-030411-4	alias	ZFIN
danio_rerio	SEPT3	septin3	ZDB-GENE-050522-375	alias	ZFIN
danio_rerio	SEPT6	septin6	ZDB-GENE-030131-1414	alias	ZFIN
danio_rerio	SEPT7	septin7a	ZDB-GENE-040426-1008	alias	ZFIN
danio_rerio	SEPT9	septin9a	ZDB-GENE-030131-9187	alias	ZFIN
homo_sapiens	DEC1	DELEC1	HGNC:23658	prev	HGNC
homo_sapiens	FEB3	SCN1A	HGNC:10585	prev	HGNC
homo_sapiens	MARC1	MTARC1	HGNC:26189	prev	HGNC
homo_sapiens	MARC2	MTARC2	HGNC:26064	prev	HGNC
homo_sapiens	MARCH1	MARCHF1	HGNC:26077	prev	HGNC
homo_sapiens	MARCH10	MARCHF10	HGNC:26655	prev	HGNC
homo_sapiens	MARCH11	MARCHF11	HGNC:33609	prev	HGNC
homo_sapiens	MARCH2	MARCHF2	HGNC:28038	prev	HGNC
homo_sapiens	MARCH3	MARCHF3	HGNC:28728	prev	HGNC
homo_sapiens	MARCH4	MARCHF4	HGNC:29269	prev	HGNC
homo_sapiens	MARCH5	MARCHF5	HGNC:26025	prev	HGNC
homo_sapiens	MARCH6	MARCHF6	HGNC:30550	prev	HGNC
homo_sapiens	MARCH7	MARCHF7	HGNC:17393	prev	HGNC
homo_sapiens	MARCH8	MARCHF8	HGNC:23356	prev	HGNC
homo_sapiens	MARCH9	MARCHF9	HGNC:25139	prev	HGNC
homo_sapiens	SEP15	SELENOF	HGNC:17705	alias	HGNC
homo_sapiens	SEP3	SEPTIN3	HGNC:10750	prev	HGNC
homo_sapiens	SEPT1	SEPTIN1	HGNC:2879	prev	HGNC
homo_sapiens	SEPT10	SEPTIN10	HGNC:14349	prev	HGNC
homo_sapiens	SEPT11	SEPTIN11	HGNC:25589	prev	HGNC
homo_sapiens	SEPT12	SEPTIN12	HGNC:26348	prev	HGNC
homo_sapiens	SEPT13	SEPTIN7P2	HGNC:32339	prev	HGNC
homo_sapiens	SEPT14	SEPTIN14	HGNC:33280	prev	HGNC
homo_sapiens	SEPT2	SEPTIN2	HGNC:7729	prev	HGNC
homo_sapiens	SEPT3	SEPTIN3	HGNC:10750	prev	HGNC
homo_sapiens	SEPT4	SEPTIN4	HGNC:9165	prev	HGNC
homo_sapiens	SEPT5	SEPTIN5	HGNC:9164	prev	HGNC
homo_sapiens	SEPT6	SEPTIN6	HGNC:15848	prev	HGNC
homo_sapiens	SEPT7	SEPTIN7	HGNC:1717	prev	HGNC
homo_sapiens	SEPT8	SEPTIN8	HGNC:16511	prev	HGNC
homo_sapiens	SEPT9	SEPTIN9	HGNC:7323	prev	HGNC
mus_musculus	MARC1	Mtarc1	MGI:1913362	prev	MGI
mus_musculus	MARC2	Mtarc2	MGI:1914497	prev	MGI
mus_musculus	MARCH1	Marchf1	MGI:1920175	prev	MGI
mus_musculus	MARCH10	Marchf10	MGI:2443469	prev	MGI
mus_musculus	MARCH11	Marchf11	MGI:3608327	prev	MGI
mus_musculus	MARCH2	Marchf2	MGI:1925915	prev	MGI
mus_musculus	MARCH3	Marchf3	MGI:2443667	prev	MGI
mus_musculus	MARCH4	Marchf4	MGI:2683550	prev	MGI
mus_musculus	MARCH5	Marchf5	MGI:1915207	prev	MGI
mus_musculus	MARCH6	Marchf6	MGI:2442773	prev	MGI
mus_musculus	MARCH7	Marchf7	MGI:1931053	prev	MGI
mus_musculus	MARCH8	Marchf8	MGI:1919029	prev	MGI
mus_musculus	MARCH9	Marchf9	MGI:2446144	prev	MGI
mus_musculus	OCT1	Slc22a1	MGI:108111	prev	MGI
mus_musculus	SEP15	Selenof	MGI:1927947	prev	MGI
mus_musculus	SEP2	Apoa1	MGI:88049	prev	MGI
mus_musculus	SEP3	Septin3	MGI:1345148	prev	MGI
mus_musculus	SEPT1	Septin1	MGI:1858916	prev	MGI
mus_musculus	SEPT10	Septin10	MGI:1918110	prev	MGI
mus_musculus	SEPT11	Septin11	MGI:1277214	prev	MGI
mus_musculus	SEPT12	Septin12	MGI:1918339	prev	MGI
mus_musculus	SEPT14	Septin14	MGI:1921472	prev	MGI
mus_musculus	SEPT2	Septin2	MGI:97298	prev	MGI
mus_musculus	SEPT3	Septin3	MGI:1345148	prev	MGI
mus_musculus	SEPT4	Septin4	MGI:1270156	prev	MGI
mus_musculus	SEPT5	Septin5	MGI:1195461	prev	MGI
mus_musculus	SEPT6	Septin6	MGI:1888939	prev	MGI
mus_musculus	SEPT7	Septin7	MGI:1335094	prev	MGI
mus_musculus	SEPT8	Septin8	MGI:894310	prev	MGI
mus_musculus	SEPT9	Septin9	MGI:1858222	prev	MGI
